{
  "train_loss": [
    1.8980898290034145,
    1.6076657131809713,
    1.4690013501955115,
    1.3546350107473486,
    1.2726145029220435,
    1.2159477335870112,
    1.1616894852779711,
    1.1140898655137748,
    1.0781635924830766,
    1.0414897115791546,
    1.0158490751253064,
    0.9902960576517198,
    0.9686116044173765,
    0.9475336035956508,
    0.9254599417109624,
    0.9070528660283979,
    0.8899468095863566,
    0.8762291634784025,
    0.8618980492929669,
    0.8468033573816499,
    0.8395831132179026,
    0.8315200297271504,
    0.8167641277965683,
    0.8030455755379499,
    0.7979809353342446,
    0.7900833500468213,
    0.7764954919476643,
    0.770488296209089,
    0.7635372713246309,
    0.761439714209198,
    0.751263415112215,
    0.7423430932376086,
    0.7367044983388823,
    0.7321065127697137,
    0.7267349119229085,
    0.7194551074367654,
    0.7164643997578974,
    0.7074182961907838,
    0.7026101469307604,
    0.7019716344221169,
    0.6976044293102401,
    0.6937369257592789,
    0.6912615362488096,
    0.6917492183273101,
    0.686379439995417,
    0.6840874100356455,
    0.684451635688772,
    0.6825248665364502,
    0.6797058168046005,
    0.680277196457014
  ],
  "train_acc": [
    27.582,
    39.78,
    46.104,
    50.448,
    53.968,
    55.922,
    58.18,
    60.258,
    61.324,
    62.574,
    63.852,
    64.56,
    65.472,
    66.418,
    67.126,
    67.754,
    68.314,
    69.046,
    69.328,
    69.982,
    70.36,
    70.548,
    70.906,
    71.62,
    71.906,
    72.096,
    72.59,
    72.928,
    73.23,
    73.342,
    73.654,
    73.892,
    74.144,
    74.28,
    74.574,
    74.772,
    74.862,
    75.222,
    75.364,
    75.368,
    75.424,
    75.742,
    75.752,
    75.744,
    76.024,
    76.02,
    76.132,
    75.984,
    76.164,
    76.264
  ],
  "test_loss": [
    1.710817813873291,
    1.4984576170611534,
    1.4084780444005491,
    1.3209030389026473,
    1.2462492850935383,
    1.2104424253390853,
    1.200822843487855,
    1.0843488699311663,
    1.1323685133533112,
    1.0516003768914823,
    1.0336494168658166,
    1.0552909138855662,
    0.9777087857768794,
    0.9852954585840747,
    1.0010027103363328,
    0.9396765292829768,
    0.8964449839227518,
    0.9118160723121302,
    0.9075976811396848,
    0.8582680918228854,
    0.8778454374735523,
    0.8621739020013506,
    0.8746904328370549,
    0.8771495097761701,
    0.8351293612437644,
    0.8224784312354532,
    0.8606176822428491,
    0.8517505856835919,
    0.8189970427637647,
    0.805899353733488,
    0.807803297878071,
    0.8302639946816074,
    0.7950564305873433,
    0.800934325927382,
    0.7939931359260705,
    0.7983975410461426,
    0.799639740187651,
    0.7835650358610092,
    0.7762051722046676,
    0.7748800512332066,
    0.7716575450957961,
    0.7772592604160309,
    0.769374750981665,
    0.7682099498001633,
    0.7750214076345894,
    0.763048436801145,
    0.7652250247396482,
    0.7668668538521809,
    0.7666356491435106,
    0.7664561470982375
  ],
  "test_acc": [
    35.27,
    44.5,
    49.54,
    51.91,
    55.52,
    56.91,
    56.77,
    60.86,
    59.83,
    61.32,
    63.62,
    63.0,
    65.34,
    65.74,
    64.61,
    67.27,
    68.53,
    68.19,
    67.85,
    69.86,
    69.65,
    69.58,
    69.36,
    69.68,
    71.1,
    71.64,
    70.4,
    70.65,
    71.29,
    72.36,
    71.81,
    71.36,
    72.11,
    72.33,
    72.59,
    72.65,
    73.14,
    73.27,
    73.26,
    73.3,
    73.61,
    73.17,
    73.59,
    73.34,
    73.47,
    73.63,
    73.68,
    73.55,
    73.51,
    73.62
  ]
}